Epoch,Mean,Std
0,-6.438882849124639e-08,7.142710387597617e-07
50,-2.276356322406317e-14,9.411642472312298e-13
100,6.48658677992151e-25,0.0
150,-3.384510150852408e-33,0.0
200,4.707241801359926e-41,0.0
250,0.0,0.0
300,0.0,0.0
350,0.0,0.0
400,0.0,0.0
